id,first_name,last_name,email,gender,ip_address,street_number
1,Ferdinande,Cherry,fcherry0@gnu.org,Genderqueer,95.74.244.84,80216
2,Stephannie,Crosby,scrosby1@hexun.com,Genderqueer,61.220.29.17,4132
3,Zonda,Whiten,zwhiten2@wiley.com,Female,85.22.72.225,214
4,Claudetta,O'Hartnett,cohartnett3@ucla.edu,Non-binary,175.110.21.17,0871
5,Yoshi,Blouet,yblouet4@sciencedaily.com,Female,154.203.171.216,348
6,Urban,Fairbrass,ufairbrass5@miibeian.gov.cn,Non-binary,204.181.80.161,073
7,Mal,Roisen,mroisen6@jalbum.net,Male,227.77.121.93,81
8,Skye,Hallum,shallum7@behance.net,Female,56.45.212.105,7185
9,Nicolina,Scaplehorn,nscaplehorn8@go.com,Polygender,252.15.54.187,9978
10,Lorrie,Tolcher,ltolcher9@over-blog.com,Bigender,71.135.36.138,53
11,Orella,Varley,ovarleya@dedecms.com,Male,148.63.37.116,215
12,Maiga,Penhearow,mpenhearowb@mashable.com,Polygender,100.109.199.142,3797
13,Hurleigh,Tiller,htillerc@tinyurl.com,Non-binary,233.229.194.155,289
14,Shandie,Okenden,sokendend@weebly.com,Genderqueer,249.3.159.211,56241
15,Boonie,Dugan,bdugane@bluehost.com,Genderfluid,40.163.168.50,289
16,Bret,Skewis,bskewisf@cisco.com,Male,122.40.7.57,6570
17,Vittoria,Gallichiccio,vgallichicciog@archive.org,Genderqueer,90.162.121.62,35
18,Berty,Minshull,bminshullh@nydailynews.com,Genderqueer,184.236.107.179,6
19,Lorilyn,Windless,lwindlessi@nba.com,Agender,10.180.228.83,7
20,Charmion,Cornelis,ccornelisj@etsy.com,Genderqueer,114.110.139.55,7
21,Sibel,Martell,smartellk@ca.gov,Female,180.88.95.115,3
22,Dawna,Corder,dcorderl@amazon.de,Genderqueer,37.79.92.125,4
23,Aurilia,Boxill,aboxillm@wiley.com,Genderqueer,44.30.127.3,571
24,Malena,Gabbatt,mgabbattn@linkedin.com,Female,83.103.103.218,979
25,Lebbie,Lapides,llapideso@google.fr,Female,158.129.116.123,9857
26,Bryon,Whitters,bwhittersp@fotki.com,Genderqueer,236.173.165.244,10
27,Inez,Macenzy,imacenzyq@jalbum.net,Non-binary,105.1.178.0,32
28,Bobine,Petera,bpeterar@admin.ch,Non-binary,198.175.181.65,6192
29,Alaric,Longland,alonglands@mozilla.com,Polygender,59.178.171.54,17
30,Sharona,Hounsome,shounsomet@friendfeed.com,Bigender,179.82.157.233,5797
31,Augustine,Hoofe,ahoofeu@aboutads.info,Female,228.47.13.240,65293
32,Corrinne,Tallboy,ctallboyv@slashdot.org,Male,16.204.211.55,8
33,Gwenni,MacCallum,gmaccallumw@vk.com,Female,36.74.54.150,5198
34,Conni,Spatari,cspatarix@cmu.edu,Non-binary,97.132.208.84,56712
35,Tabina,Sushams,tsushamsy@usda.gov,Female,173.167.206.131,4495
36,Krissie,Lehrahan,klehrahanz@amazonaws.com,Genderqueer,140.72.175.135,280
37,Nathanial,Rego,nrego10@psu.edu,Polygender,77.156.193.114,6
38,Gaile,Lincoln,glincoln11@parallels.com,Genderfluid,190.50.18.77,1862
39,Edi,Halladey,ehalladey12@soundcloud.com,Non-binary,222.191.74.94,38670
40,Jennette,Boarleyson,jboarleyson13@earthlink.net,Polygender,220.120.195.253,29
41,Ingrid,Florio,iflorio14@cnn.com,Genderqueer,29.81.100.43,00
42,Payton,Coverlyn,pcoverlyn15@unesco.org,Female,255.124.103.213,9215
43,Kimberli,Youde,kyoude16@free.fr,Non-binary,159.189.113.206,8964
44,Ange,Gainseford,againseford17@adobe.com,Non-binary,72.205.230.97,81109
45,Orelee,Bachellier,obachellier18@netscape.com,Agender,181.101.39.183,2
46,Chandal,Steinhammer,csteinhammer19@aboutads.info,Bigender,145.211.72.233,0
47,Cchaddie,Stairmond,cstairmond1a@usgs.gov,Genderqueer,252.42.27.20,3
48,Elie,Drinkhill,edrinkhill1b@adobe.com,Polygender,91.215.113.21,42147
49,Avery,Gentile,agentile1c@guardian.co.uk,Bigender,104.21.77.228,4280
50,Sybila,Joanaud,sjoanaud1d@nih.gov,Agender,67.48.244.14,6357
51,Man,Fattore,mfattore1e@slashdot.org,Female,226.102.223.200,5277
52,Dolly,Ros,dros1f@java.com,Male,125.162.191.151,13
53,Eddi,Wilgar,ewilgar1g@w3.org,Bigender,154.192.136.169,96999
54,Lia,Spilsbury,lspilsbury1h@eventbrite.com,Non-binary,42.242.133.222,25
55,Karlee,Balding,kbalding1i@e-recht24.de,Non-binary,113.143.169.19,68809
56,Henryetta,Rizzello,hrizzello1j@fotki.com,Genderfluid,74.71.2.16,39
57,Bambi,Wisedale,bwisedale1k@yandex.ru,Male,140.23.20.196,1
58,Bevvy,Betke,bbetke1l@ox.ac.uk,Genderfluid,111.115.126.79,12644
59,Marco,Lambdin,mlambdin1m@bloglovin.com,Genderfluid,156.41.56.230,1
60,Lanny,Teall,lteall1n@plala.or.jp,Bigender,15.125.52.78,06000
61,Hildagard,Goodsell,hgoodsell1o@apple.com,Female,218.91.58.30,3152
62,Leighton,Lunn,llunn1p@elpais.com,Bigender,30.190.174.222,7
63,Sutherlan,Charlot,scharlot1q@apache.org,Non-binary,225.169.197.26,73
64,Evangelina,Sherred,esherred1r@guardian.co.uk,Agender,233.135.227.38,026
65,Arlana,Tidman,atidman1s@bloomberg.com,Genderfluid,4.113.178.146,62
66,Lotte,Renad,lrenad1t@jugem.jp,Polygender,183.154.93.73,810
67,Tobye,Pennington,tpennington1u@intel.com,Non-binary,231.187.131.222,5
68,Clim,Ubsdall,cubsdall1v@illinois.edu,Female,170.89.99.157,48
69,Vassili,Creedland,vcreedland1w@fema.gov,Genderfluid,213.80.62.144,66262
70,Quintina,Rase,qrase1x@upenn.edu,Non-binary,91.48.221.255,9
71,Filbert,Monkeman,fmonkeman1y@baidu.com,Non-binary,147.151.221.113,74629
72,Burnard,Vogele,bvogele1z@technorati.com,Polygender,166.119.197.136,97568
73,Maureen,Donne,mdonne20@marriott.com,Female,65.36.196.46,95
74,Herminia,Keymar,hkeymar21@google.de,Female,109.87.235.115,28592
75,Mathew,Cohrs,mcohrs22@friendfeed.com,Bigender,185.140.52.31,14304
76,Enrica,Delleschi,edelleschi23@prweb.com,Agender,214.155.44.69,60904
77,Dewitt,Bunting,dbunting24@ihg.com,Male,95.219.99.163,23
78,Tadd,Kenyon,tkenyon25@dell.com,Polygender,188.53.214.174,9807
79,Bonnee,Sigars,bsigars26@wufoo.com,Genderqueer,243.28.205.194,13
80,Tracie,Vaugham,tvaugham27@histats.com,Polygender,205.190.103.80,1
81,Brady,Cussins,bcussins28@github.com,Bigender,124.6.247.199,61
82,Nelle,Birnie,nbirnie29@msn.com,Male,93.47.116.157,42388
83,Jarrod,Tuxwell,jtuxwell2a@who.int,Male,138.119.26.226,4
84,Bryan,Whitsun,bwhitsun2b@imageshack.us,Male,207.22.16.65,3985
85,Keeley,Ryall,kryall2c@latimes.com,Genderqueer,43.184.153.125,51579
86,Stormi,Vynall,svynall2d@ocn.ne.jp,Genderqueer,111.106.93.172,04
87,Ninette,Larchiere,nlarchiere2e@vkontakte.ru,Female,74.110.86.91,28
88,Lani,Blankett,lblankett2f@indiatimes.com,Genderqueer,136.98.214.50,6
89,Richmond,Cullrford,rcullrford2g@cnn.com,Genderqueer,12.199.184.49,5
90,Cheryl,Venney,cvenney2h@hubpages.com,Non-binary,74.65.249.116,065
91,Elwood,Ebsworth,eebsworth2i@paginegialle.it,Genderqueer,40.234.213.123,246
92,Schuyler,Caroll,scaroll2j@usa.gov,Genderfluid,175.157.113.133,278
93,Bealle,Pioch,bpioch2k@kickstarter.com,Female,79.51.232.64,6
94,Jackson,Lanphere,jlanphere2l@indiatimes.com,Agender,98.121.134.26,933
95,Shirlee,Andric,sandric2m@github.io,Genderfluid,169.0.62.111,95512
96,Fredrika,Proswell,fproswell2n@issuu.com,Bigender,51.207.218.112,9493
97,Loralyn,Duligal,lduligal2o@cbsnews.com,Genderfluid,81.147.37.154,9
98,Erika,Iannazzi,eiannazzi2p@so-net.ne.jp,Male,120.215.183.189,6
99,Vina,Lambswood,vlambswood2q@mozilla.org,Polygender,124.21.180.153,6
100,Prentice,Collinge,pcollinge2r@storify.com,Agender,16.102.161.48,5
101,Cassius,Silwood,csilwood2s@eventbrite.com,Agender,9.187.218.162,5403
102,Micheil,Byram,mbyram2t@whitehouse.gov,Female,7.90.112.66,9
103,Rhianna,Steuart,rsteuart2u@studiopress.com,Genderqueer,240.237.137.157,09806
104,Dinah,Coombes,dcoombes2v@51.la,Agender,239.76.49.105,0
105,Cherise,Gores,cgores2w@ebay.com,Bigender,132.75.250.106,8
106,Berti,Lyndon,blyndon2x@amazonaws.com,Male,199.18.228.21,07268
107,Norry,Roarty,nroarty2y@flavors.me,Bigender,185.67.100.128,188
108,Marten,Le Grys,mlegrys2z@cbc.ca,Agender,67.188.68.115,63810
109,Valaree,Battin,vbattin30@hp.com,Agender,236.107.255.79,346
110,Nicki,Hannaby,nhannaby31@multiply.com,Bigender,115.234.207.85,52556
111,Cathlene,Keable,ckeable32@weibo.com,Male,219.35.116.205,4214
112,Ewen,Peacocke,epeacocke33@ucoz.com,Genderqueer,205.141.98.22,63
113,Jillian,Ferrand,jferrand34@illinois.edu,Polygender,31.141.156.7,7
114,Helaina,Patzelt,hpatzelt35@bbc.co.uk,Male,74.54.180.222,9
115,Tarrance,Clutterbuck,tclutterbuck36@delicious.com,Male,187.97.106.25,8131
116,Billy,MacKimm,bmackimm37@springer.com,Female,56.47.152.251,0538
117,Rubia,Nelm,rnelm38@ibm.com,Agender,231.156.106.8,3
118,Susie,Turl,sturl39@forbes.com,Female,59.227.155.243,107
119,Andres,Potticary,apotticary3a@earthlink.net,Female,161.201.235.254,9418
120,Ros,Mapples,rmapples3b@dyndns.org,Polygender,228.142.31.183,85707
121,Lewie,Hughf,lhughf3c@arstechnica.com,Bigender,21.35.143.244,5
122,Marinna,Coch,mcoch3d@apache.org,Agender,13.206.99.80,55
123,Tana,Lisciardelli,tlisciardelli3e@shinystat.com,Non-binary,197.157.163.78,8
124,Danika,Gergolet,dgergolet3f@noaa.gov,Genderfluid,203.134.86.176,31921
125,Ailyn,Lighten,alighten3g@issuu.com,Genderfluid,103.14.119.79,2
126,Drew,Ramel,dramel3h@yellowbook.com,Agender,88.253.94.191,34
127,Eveleen,Raddin,eraddin3i@rakuten.co.jp,Genderqueer,208.218.233.91,82044
128,Franciskus,Cadalleder,fcadalleder3j@tamu.edu,Male,215.199.113.20,7365
129,Earle,Maud,emaud3k@oaic.gov.au,Genderfluid,112.200.50.194,79960
130,Nikki,Giraldo,ngiraldo3l@who.int,Bigender,69.11.253.21,91
131,Ronalda,Cornewell,rcornewell3m@tinyurl.com,Female,254.180.0.97,4
132,Adrien,Easton,aeaston3n@ft.com,Genderfluid,101.92.199.129,56
133,Elsworth,Greet,egreet3o@comsenz.com,Polygender,61.16.140.32,74427
134,Hoebart,Gallaway,hgallaway3p@who.int,Polygender,216.203.171.78,5469
135,Cory,Etter,cetter3q@state.gov,Bigender,23.122.38.228,9
136,Shane,Joutapavicius,sjoutapavicius3r@mail.ru,Female,17.110.145.79,1
137,Harvey,Lidden,hlidden3s@istockphoto.com,Polygender,230.23.140.248,048
138,Claudius,Fruchon,cfruchon3t@smugmug.com,Polygender,244.231.201.141,3669
139,Fielding,Forsey,fforsey3u@amazon.com,Non-binary,145.97.204.14,09
140,Gabi,Kobes,gkobes3v@blog.com,Bigender,79.3.214.180,9604
141,Emelia,De Bell,edebell3w@imageshack.us,Genderfluid,9.45.57.192,8945
142,Timothy,Futcher,tfutcher3x@histats.com,Polygender,235.193.68.145,9713
143,Edithe,Spread,espread3y@paypal.com,Female,194.50.133.121,15
144,Regen,Chazier,rchazier3z@bluehost.com,Genderqueer,179.81.44.190,65
145,Yorke,Powdrill,ypowdrill40@wp.com,Genderfluid,234.107.66.68,49
146,Niels,Canellas,ncanellas41@bing.com,Female,199.182.38.98,916
147,Merwyn,Worvell,mworvell42@shinystat.com,Genderfluid,37.115.149.110,88
148,Dalis,Dooley,ddooley43@washingtonpost.com,Non-binary,172.22.104.192,508
149,Netti,Harbage,nharbage44@patch.com,Non-binary,85.2.248.124,6425
150,Ludovico,Welldrake,lwelldrake45@craigslist.org,Polygender,25.6.88.158,7
151,Hort,Stoker,hstoker46@eepurl.com,Polygender,28.159.241.248,1
152,Benson,Whether,bwhether47@php.net,Agender,132.175.90.63,18475
153,Talya,Janc,tjanc48@webeden.co.uk,Genderfluid,15.68.239.138,3212
154,Pat,Clinton,pclinton49@usnews.com,Bigender,37.205.43.51,1
155,Quintilla,Pirdue,qpirdue4a@ucoz.com,Agender,15.214.98.142,07712
156,Hillier,Kiehl,hkiehl4b@csmonitor.com,Male,134.172.255.7,04681
157,Rory,Briiginshaw,rbriiginshaw4c@seattletimes.com,Male,21.156.30.142,5
158,Anna,Koppeck,akoppeck4d@mac.com,Bigender,200.140.119.250,208
159,Frannie,Birtwistle,fbirtwistle4e@whitehouse.gov,Male,4.24.10.52,0
160,Aleece,Pfleger,apfleger4f@baidu.com,Non-binary,195.203.230.248,408
161,Hunfredo,Weth,hweth4g@google.com.br,Male,184.121.182.62,13968
162,Winslow,Suerz,wsuerz4h@blog.com,Agender,150.87.97.97,7461
163,Freda,Cluer,fcluer4i@narod.ru,Bigender,57.49.5.105,7445
164,Octavia,Scantlebury,oscantlebury4j@dot.gov,Genderqueer,121.144.132.215,7567
165,Helge,Stoll,hstoll4k@google.cn,Non-binary,82.171.242.227,53
166,Fancie,Mingardi,fmingardi4l@diigo.com,Female,38.60.215.207,10775
167,Gifford,Lenchenko,glenchenko4m@booking.com,Genderfluid,171.195.83.147,89
168,Fredra,Grise,fgrise4n@sphinn.com,Non-binary,24.206.167.174,4168
169,Lotta,Guerrero,lguerrero4o@foxnews.com,Polygender,167.28.65.224,99
170,Benjie,Foskett,bfoskett4p@blogspot.com,Genderqueer,136.183.92.43,5
171,Maddy,Tracy,mtracy4q@shareasale.com,Bigender,135.222.62.1,363
172,Catherine,Ferrar,cferrar4r@dailymail.co.uk,Bigender,88.156.79.8,03
173,Randolph,Metzig,rmetzig4s@youtu.be,Female,252.150.112.37,12678
174,Kellsie,Inchcomb,kinchcomb4t@xrea.com,Genderqueer,14.205.38.156,52
175,Dasha,Wickett,dwickett4u@auda.org.au,Non-binary,37.253.16.231,826
176,Eldon,Phillipson,ephillipson4v@alibaba.com,Genderqueer,19.176.148.153,8282
177,Gertrud,Glandfield,gglandfield4w@nbcnews.com,Male,5.197.79.41,8935
178,Nealy,Lilion,nlilion4x@deliciousdays.com,Non-binary,88.167.160.155,525
179,Horst,Alpes,halpes4y@wordpress.com,Male,214.34.182.108,2
180,Barbee,Loncaster,bloncaster4z@guardian.co.uk,Agender,230.171.111.217,0
181,Cathy,Gleed,cgleed50@mapy.cz,Genderfluid,96.13.33.32,3
182,Woodie,Prynne,wprynne51@rakuten.co.jp,Male,161.64.180.242,2559
183,Gallagher,MacCague,gmaccague52@com.com,Non-binary,100.166.1.35,08
184,Manolo,Spellard,mspellard53@jugem.jp,Bigender,60.117.46.107,22756
185,Sybille,Pinfold,spinfold54@discovery.com,Genderqueer,202.59.246.131,7036
186,Mina,Balazin,mbalazin55@nsw.gov.au,Female,183.96.189.213,1695
187,Waldon,Fulton,wfulton56@salon.com,Polygender,103.54.92.29,23979
188,Daune,Allot,dallot57@a8.net,Agender,240.103.147.121,1467
189,Myer,Gilluley,mgilluley58@reuters.com,Non-binary,97.16.44.138,8481
190,Marchall,Kiraly,mkiraly59@i2i.jp,Female,114.0.26.180,11625
191,Demetrius,Splevings,dsplevings5a@netlog.com,Female,78.129.40.119,558
192,Weber,Bratty,wbratty5b@washington.edu,Non-binary,103.81.135.31,153
193,Janina,Officer,jofficer5c@sogou.com,Non-binary,47.199.214.120,245
194,Roscoe,Dumbrall,rdumbrall5d@dedecms.com,Agender,113.77.212.125,6604
195,Aksel,Eppson,aeppson5e@gnu.org,Bigender,192.141.42.23,3488
196,Hubie,Danne,hdanne5f@smugmug.com,Bigender,141.41.107.31,4166
197,Natividad,Lyddiard,nlyddiard5g@go.com,Bigender,1.173.172.248,23299
198,Otha,Pecey,opecey5h@soup.io,Genderfluid,130.133.28.152,3989
199,Felike,Brouncker,fbrouncker5i@cdbaby.com,Polygender,21.163.73.214,2103
200,Molli,Clemendet,mclemendet5j@symantec.com,Polygender,31.44.45.115,3149
201,Jean,Corwood,jcorwood5k@fema.gov,Female,69.150.89.87,5
202,Gustavo,Lepper,glepper5l@ezinearticles.com,Non-binary,184.39.68.203,8377
203,Vanny,Grayston,vgrayston5m@sitemeter.com,Genderqueer,55.99.26.196,49049
204,Wally,Tree,wtree5n@disqus.com,Genderfluid,254.156.95.11,3132
205,June,Freeland,jfreeland5o@technorati.com,Genderqueer,72.43.245.17,019
206,Orelle,Kikke,okikke5p@parallels.com,Non-binary,2.192.8.12,73
207,Barron,Kirkebye,bkirkebye5q@mac.com,Agender,157.184.210.75,32
208,Penrod,Bowdrey,pbowdrey5r@nps.gov,Genderqueer,140.182.126.159,62
209,Margret,Mattes,mmattes5s@yahoo.co.jp,Genderfluid,45.161.196.101,213
210,Tim,Lawford,tlawford5t@phpbb.com,Bigender,183.224.112.147,24150
211,Sanders,Vernham,svernham5u@newsvine.com,Genderfluid,57.43.38.238,0339
212,Morty,Aucoate,maucoate5v@phpbb.com,Male,215.18.58.62,6
213,Bud,Sandbrook,bsandbrook5w@sfgate.com,Agender,114.206.183.57,49
214,Carole,Haly,chaly5x@google.pl,Genderqueer,171.247.16.62,48
215,Klaus,Nourse,knourse5y@plala.or.jp,Non-binary,139.40.136.237,40
216,Carri,Morritt,cmorritt5z@imgur.com,Non-binary,253.199.4.222,28
217,Dave,Stickins,dstickins60@youtu.be,Genderfluid,97.221.239.179,5
218,Birgit,Bottrell,bbottrell61@sakura.ne.jp,Male,178.181.85.114,48
219,Bell,Sandham,bsandham62@home.pl,Genderqueer,51.2.195.173,1659
220,Sarah,Petticrew,spetticrew63@scribd.com,Polygender,138.235.96.110,88
221,Roley,Allcoat,rallcoat64@github.io,Non-binary,52.11.171.19,5
222,Jordon,Dilliway,jdilliway65@usnews.com,Bigender,95.172.77.81,806
223,Chiarra,Geely,cgeely66@stanford.edu,Non-binary,17.114.241.128,5956
224,Nichol,Scolli,nscolli67@slashdot.org,Agender,220.10.208.110,4
225,Alexia,Kebbell,akebbell68@acquirethisname.com,Genderqueer,33.90.107.180,24138
226,Ki,Eldershaw,keldershaw69@slate.com,Female,202.52.147.188,547
227,Abran,Costerd,acosterd6a@ucsd.edu,Non-binary,89.250.54.185,546
228,Sile,Dyball,sdyball6b@ovh.net,Agender,165.232.207.58,29
229,Marna,Kebbell,mkebbell6c@ameblo.jp,Female,208.203.169.112,119
230,Nariko,Hallitt,nhallitt6d@quantcast.com,Female,77.242.252.198,18
231,Salli,O'Donoghue,sodonoghue6e@statcounter.com,Polygender,140.222.202.179,14701
232,Willie,Redfield,wredfield6f@arstechnica.com,Non-binary,60.138.150.179,56
233,Barn,Sawle,bsawle6g@vinaora.com,Polygender,9.71.68.183,877
234,Shari,Gallehawk,sgallehawk6h@studiopress.com,Agender,210.120.61.50,836
235,Hagan,Shevels,hshevels6i@zimbio.com,Bigender,236.171.131.158,174
236,Alejandrina,Skamal,askamal6j@skype.com,Female,83.77.146.43,47975
237,Harman,Morffew,hmorffew6k@mit.edu,Polygender,18.199.26.52,3
238,Cherish,Bentham3,cbentham6l@taobao.com,Bigender,248.128.13.254,9
239,Fitzgerald,Trassler,ftrassler6m@prlog.org,Genderfluid,230.17.72.30,2617
240,Jess,Valenta,jvalenta6n@mayoclinic.com,Non-binary,77.101.158.210,0963
241,Matelda,MacCollom,mmaccollom6o@ucoz.ru,Genderqueer,19.24.244.176,5
242,Torrence,Perrelle,tperrelle6p@dropbox.com,Non-binary,18.57.50.56,99
243,Reynold,Midden,rmidden6q@jigsy.com,Female,38.247.222.248,02
244,Courtney,Zapata,czapata6r@army.mil,Male,98.91.116.244,62853
245,Marquita,Syrett,msyrett6s@furl.net,Agender,200.67.221.165,1370
246,Clea,Piniur,cpiniur6t@hhs.gov,Bigender,21.242.46.85,591
247,Pail,Fasham,pfasham6u@buzzfeed.com,Genderfluid,136.216.243.21,11301
248,Tucky,Baynam,tbaynam6v@bloomberg.com,Non-binary,154.71.240.136,24610
249,Leeann,Rock,lrock6w@microsoft.com,Bigender,169.67.85.224,2549
250,Doralynn,Moberley,dmoberley6x@stanford.edu,Genderqueer,138.75.46.94,075
251,Mitchel,Maulkin,mmaulkin6y@vk.com,Agender,69.184.115.250,12
252,Dennie,Terrington,dterrington6z@unblog.fr,Bigender,205.114.202.64,249
253,Andrej,Worrall,aworrall70@xrea.com,Polygender,209.57.184.182,517
254,Perice,Gorst,pgorst71@state.tx.us,Female,52.128.161.202,92
255,Ernestine,Van Waadenburg,evanwaadenburg72@privacy.gov.au,Bigender,223.202.248.230,58
256,Rosie,Tremoulet,rtremoulet73@ted.com,Genderfluid,109.64.228.209,529
257,Cassie,Hendrix,chendrix74@51.la,Polygender,231.138.195.220,03450
258,Nickolas,Gunstone,ngunstone75@wix.com,Male,112.11.51.223,464
259,Dolf,Corck,dcorck76@tinyurl.com,Genderqueer,234.5.24.37,08492
260,Austin,Heminsley,aheminsley77@miibeian.gov.cn,Bigender,3.90.52.159,06011
261,Ebenezer,O'Dee,eodee78@umich.edu,Non-binary,100.153.79.7,4182
262,Madella,Bewsy,mbewsy79@mayoclinic.com,Bigender,167.45.121.143,2
263,Nomi,Scuse,nscuse7a@symantec.com,Genderfluid,22.182.240.143,15956
264,Gerty,Murrison,gmurrison7b@google.co.uk,Genderqueer,48.109.79.248,2
265,Eleonore,Dybald,edybald7c@domainmarket.com,Female,51.71.143.237,4
266,Kennett,Marde,kmarde7d@godaddy.com,Female,122.51.26.192,767
267,Butch,Harrow,bharrow7e@xinhuanet.com,Agender,36.114.180.66,7
268,Erskine,Lotze,elotze7f@va.gov,Agender,173.179.53.176,843
269,Dione,Bourthouloume,dbourthouloume7g@apple.com,Polygender,54.221.51.102,4
270,Teresina,Eles,teles7h@mlb.com,Polygender,118.58.168.183,8291
271,Ardelis,Upchurch,aupchurch7i@biglobe.ne.jp,Non-binary,194.224.30.139,29317
272,Buck,Stebles,bstebles7j@reverbnation.com,Bigender,52.253.33.59,210
273,Eadith,Puttergill,eputtergill7k@plala.or.jp,Male,106.148.210.10,93
274,Ange,Puncher,apuncher7l@51.la,Male,42.107.95.44,9651
275,Phyllis,Wigmore,pwigmore7m@japanpost.jp,Genderqueer,119.9.51.22,0
276,Lauri,Thirwell,lthirwell7n@nationalgeographic.com,Male,143.213.14.244,68253
277,Melli,Gramer,mgramer7o@archive.org,Bigender,146.72.126.178,16
278,Menard,Le Monnier,mlemonnier7p@forbes.com,Male,244.172.91.17,4
279,Winn,McMillan,wmcmillan7q@army.mil,Bigender,31.126.123.74,1813
280,Giselbert,Benko,gbenko7r@hugedomains.com,Genderqueer,179.34.116.41,555
281,Alexandr,Hovee,ahovee7s@usgs.gov,Agender,212.38.90.5,52
282,Abagael,Gulleford,agulleford7t@mac.com,Genderqueer,241.156.122.79,4
283,Stace,Bulteel,sbulteel7u@squarespace.com,Male,236.175.163.94,0854
284,Eddi,Gebuhr,egebuhr7v@ucsd.edu,Female,87.44.62.141,09
285,Henrieta,Honig,hhonig7w@timesonline.co.uk,Agender,174.218.255.214,34
286,Cornela,I'anson,cianson7x@home.pl,Male,115.96.60.177,67187
287,Kevina,Robb,krobb7y@wordpress.com,Bigender,225.161.206.7,9669
288,Netty,McMoyer,nmcmoyer7z@behance.net,Genderqueer,79.11.153.32,96
289,Abeu,Cutchee,acutchee80@prlog.org,Bigender,251.215.96.10,347
290,Dennet,Iannello,diannello81@ebay.com,Genderfluid,248.18.215.231,7
291,Dorree,Melonby,dmelonby82@cdc.gov,Bigender,19.193.81.175,4509
292,Margo,Artharg,martharg83@va.gov,Bigender,137.0.120.56,1
293,Dewitt,Rosa,drosa84@privacy.gov.au,Female,191.220.55.18,157
294,Margaretha,Darwent,mdarwent85@irs.gov,Agender,4.57.183.48,6028
295,Fulton,Bardill,fbardill86@wikia.com,Bigender,81.159.94.49,11043
296,Catherina,Laskey,claskey87@wikipedia.org,Bigender,100.245.79.237,7
297,Ortensia,Tureville,otureville88@ft.com,Non-binary,50.106.224.174,73547
298,Abigael,Blanchet,ablanchet89@nbcnews.com,Non-binary,138.48.10.133,2
299,Oralle,Thurborn,othurborn8a@arizona.edu,Female,108.192.242.181,8
300,Libby,Comport,lcomport8b@webmd.com,Agender,103.100.156.27,7423
301,Aurlie,Hacun,ahacun8c@printfriendly.com,Polygender,30.82.78.215,9
302,Fanni,Mullaly,fmullaly8d@mayoclinic.com,Polygender,92.69.118.133,2
303,Moira,Hartman,mhartman8e@meetup.com,Genderqueer,183.160.211.120,7160
304,Tabatha,Mooney,tmooney8f@gizmodo.com,Genderqueer,146.243.11.8,99465
305,Law,Mannooch,lmannooch8g@patch.com,Female,97.198.139.184,6657
306,Nikolaos,Buist,nbuist8h@bbb.org,Bigender,104.109.244.48,30522
307,Bondy,Coit,bcoit8i@biglobe.ne.jp,Male,202.184.164.98,7782
308,Carr,Silson,csilson8j@so-net.ne.jp,Genderfluid,194.13.39.119,526
309,Doreen,Joret,djoret8k@elpais.com,Agender,46.0.97.39,87
310,Skipper,Costy,scosty8l@dot.gov,Genderqueer,110.248.64.50,51
311,Onfre,Bleackly,obleackly8m@globo.com,Genderfluid,236.137.17.37,03007
312,Missie,Wareham,mwareham8n@answers.com,Genderfluid,145.26.30.245,62547
313,Brigitte,Cannan,bcannan8o@nba.com,Male,238.190.40.19,62455
314,Shanie,Dytham,sdytham8p@webeden.co.uk,Bigender,6.72.234.244,80
315,Selene,Tadgell,stadgell8q@rediff.com,Polygender,186.101.112.192,290
316,Cointon,Jakubowski,cjakubowski8r@illinois.edu,Male,96.89.181.141,8
317,Mendie,Slowgrove,mslowgrove8s@webnode.com,Female,107.177.197.178,389
318,Garvey,Phillimore,gphillimore8t@nytimes.com,Polygender,174.41.164.129,89596
319,Lavinie,Warby,lwarby8u@webmd.com,Female,61.233.43.162,34
320,Loutitia,Eggleson,leggleson8v@studiopress.com,Genderqueer,31.222.62.118,0721
321,Garv,Sims,gsims8w@booking.com,Agender,120.135.184.14,97
322,Averil,Carnelley,acarnelley8x@berkeley.edu,Female,213.230.225.176,36261
323,Wendel,McGraith,wmcgraith8y@smh.com.au,Genderqueer,167.243.251.9,767
324,Collette,Gromley,cgromley8z@yellowbook.com,Genderqueer,133.252.102.212,9
325,Steve,Affron,saffron90@amazonaws.com,Polygender,21.225.14.216,13
326,Coralie,Eldrid,celdrid91@nifty.com,Female,32.90.19.231,840
327,Tiebold,Normandale,tnormandale92@hao123.com,Bigender,137.11.243.80,382
328,Tallie,Esilmon,tesilmon93@huffingtonpost.com,Polygender,189.62.28.179,304
329,Mannie,Josefsen,mjosefsen94@wisc.edu,Bigender,2.255.9.238,4240
330,Wendeline,Batty,wbatty95@360.cn,Male,251.166.183.185,03
331,Deeanne,Conybear,dconybear96@skyrock.com,Male,152.170.50.91,4597
332,Neale,Pain,npain97@utexas.edu,Female,115.35.61.66,36555
333,Dorothee,Juza,djuza98@unc.edu,Male,89.172.139.119,455
334,Ernesto,Infante,einfante99@youtu.be,Male,232.43.147.118,668
335,Stacee,Jahncke,sjahncke9a@guardian.co.uk,Female,181.207.136.198,83
336,Gwyn,Persse,gpersse9b@geocities.com,Genderfluid,60.4.211.172,2283
337,Esteban,Downton,edownton9c@eepurl.com,Bigender,62.87.4.124,70
338,Dunstan,Wooster,dwooster9d@bravesites.com,Polygender,164.149.229.62,44535
339,Rickert,Boig,rboig9e@admin.ch,Male,242.24.183.96,783
340,Kipper,Cundy,kcundy9f@free.fr,Non-binary,156.107.12.2,6
341,Seward,Ogus,sogus9g@indiatimes.com,Female,247.82.194.122,4
342,Shandie,Peffer,speffer9h@sogou.com,Female,225.74.212.114,67947
343,Jerry,Leguey,jleguey9i@amazon.com,Agender,106.157.31.60,3531
344,Aurelia,Dudley,adudley9j@soup.io,Genderqueer,13.134.21.89,5535
345,Mavis,Kmietsch,mkmietsch9k@ftc.gov,Agender,143.67.0.27,65
346,Valentine,Darben,vdarben9l@hao123.com,Male,57.141.40.246,3
347,Joleen,Bushell,jbushell9m@t.co,Non-binary,113.79.235.153,26965
348,Lynna,Littrell,llittrell9n@lycos.com,Bigender,28.46.66.245,4946
349,Flossi,Shankland,fshankland9o@japanpost.jp,Female,253.189.143.151,751
350,Ricky,Loughman,rloughman9p@earthlink.net,Genderfluid,245.187.43.127,42414
351,Cybill,Graalmans,cgraalmans9q@creativecommons.org,Genderqueer,177.179.178.91,6829
352,Hershel,Klarzynski,hklarzynski9r@msu.edu,Bigender,121.98.96.40,593
353,Verna,Boden,vboden9s@bandcamp.com,Genderfluid,156.115.173.34,67
354,Lin,Gorger,lgorger9t@tripadvisor.com,Genderqueer,210.35.141.18,23632
355,Rowney,Morbey,rmorbey9u@msu.edu,Genderqueer,39.89.211.190,07754
356,Roddie,Goschalk,rgoschalk9v@walmart.com,Genderqueer,251.237.94.86,39418
357,Hillard,Wesgate,hwesgate9w@google.cn,Genderfluid,211.125.191.81,03003
358,Farlie,Jerrim,fjerrim9x@census.gov,Female,192.116.227.8,2048
359,Rory,De Vaar,rdevaar9y@wix.com,Female,167.58.22.14,27
360,Gabriella,Elvin,gelvin9z@ocn.ne.jp,Male,122.240.198.171,6946
361,Robinet,Roseman,rrosemana0@exblog.jp,Genderqueer,175.114.219.128,59864
362,Ursulina,Stickland,usticklanda1@addthis.com,Non-binary,82.164.138.80,2
363,Lorrie,Medhurst,lmedhursta2@google.fr,Male,8.47.159.41,59966
364,Reba,Borgnol,rborgnola3@arstechnica.com,Genderqueer,228.45.163.246,1210
365,Mycah,Humberstone,mhumberstonea4@ameblo.jp,Polygender,244.32.252.137,2
366,Loralie,Corben,lcorbena5@ed.gov,Male,80.122.44.160,5
367,Janna,Cahillane,jcahillanea6@webnode.com,Female,16.65.6.80,50
368,Coleman,Illidge,cillidgea7@ebay.com,Agender,129.238.215.79,56257
369,Shandra,Randerson,srandersona8@senate.gov,Female,27.8.210.108,20986
370,Jacob,Pearlman,jpearlmana9@constantcontact.com,Non-binary,194.172.64.177,0286
371,Sandie,Blindt,sblindtaa@multiply.com,Bigender,114.60.131.49,084
372,Dalila,Natte,dnatteab@mtv.com,Female,219.206.115.202,9564
373,Jacquenetta,Selkirk,jselkirkac@gov.uk,Bigender,223.117.201.121,62
374,Eolande,Huebner,ehuebnerad@harvard.edu,Female,44.113.221.88,678
375,Reg,Scough,rscoughae@blogspot.com,Female,3.2.246.116,4
376,Claudina,Unsworth,cunsworthaf@omniture.com,Genderfluid,87.143.121.107,8218
377,Irving,Domegan,idomeganag@npr.org,Male,24.251.61.129,70902
378,Tracey,Marklew,tmarklewah@gizmodo.com,Non-binary,246.105.174.134,4667
379,Sanson,Ethridge,sethridgeai@auda.org.au,Agender,181.191.34.139,17
380,Clotilda,Borell,cborellaj@ibm.com,Non-binary,57.101.176.31,01187
381,Ali,Chaffer,achafferak@geocities.com,Agender,254.112.79.241,9992
382,Nikolai,Hrinchishin,nhrinchishinal@techcrunch.com,Bigender,69.237.97.122,9
383,Berry,Barreau,bbarreauam@symantec.com,Bigender,14.13.27.28,40
384,Rhianon,Kynforth,rkynforthan@un.org,Polygender,66.134.124.87,1
385,Madeline,Knoller,mknollerao@wsj.com,Polygender,96.205.105.95,80118
386,Toinette,Rutigliano,trutiglianoap@typepad.com,Genderqueer,116.194.99.108,39
387,Alanna,Demead,ademeadaq@intel.com,Polygender,95.87.255.8,37308
388,Grantham,Hallsworth,ghallsworthar@wisc.edu,Female,220.202.233.252,59629
389,Constantina,Oris,corisas@wix.com,Agender,129.1.251.70,4807
390,Ashla,Dilkes,adilkesat@msn.com,Female,138.71.201.178,0
391,Dael,Daverin,ddaverinau@fastcompany.com,Genderqueer,215.145.126.247,5
392,Lesli,Boothby,lboothbyav@ebay.co.uk,Genderqueer,121.145.98.67,64336
393,Nadeen,Dickerline,ndickerlineaw@wunderground.com,Polygender,4.15.200.44,10621
394,Shaine,Baraclough,sbaracloughax@mayoclinic.com,Female,235.88.48.63,930
395,Wilfred,Kobisch,wkobischay@wikia.com,Bigender,217.79.195.175,6826
396,Borg,Blasdale,bblasdaleaz@mozilla.org,Bigender,2.223.192.144,7753
397,Mavra,O' Lone,moloneb0@newsvine.com,Non-binary,115.97.105.61,5
398,Brandise,Dominichetti,bdominichettib1@sourceforge.net,Polygender,5.106.32.247,48
399,Winfield,Barhims,wbarhimsb2@tamu.edu,Non-binary,56.57.134.212,826
400,Dennis,Cholerton,dcholertonb3@telegraph.co.uk,Female,106.10.107.234,9
401,Cloe,Lynskey,clynskeyb4@ft.com,Bigender,218.44.177.82,3554
402,Town,Tatem,ttatemb5@zimbio.com,Genderqueer,252.250.123.115,41
403,Ardis,Kamall,akamallb6@army.mil,Male,52.81.139.3,7729
404,Skye,Niblo,sniblob7@alibaba.com,Bigender,234.227.28.186,927
405,Arne,Pocklington,apocklingtonb8@indiegogo.com,Female,227.233.170.194,5
406,Almire,Segeswoeth,asegeswoethb9@plala.or.jp,Genderqueer,33.103.240.191,55
407,Kippie,Wolledge,kwolledgeba@deliciousdays.com,Polygender,3.201.81.170,9411
408,Cirilo,Norcock,cnorcockbb@edublogs.org,Genderqueer,223.47.144.25,743
409,Noland,Tremelling,ntremellingbc@addthis.com,Bigender,190.52.183.120,9
410,Stephanie,Lintot,slintotbd@netvibes.com,Genderqueer,208.207.115.68,6882
411,Norbert,Batrim,nbatrimbe@e-recht24.de,Male,142.219.228.237,36777
412,Peta,Lathwood,plathwoodbf@dot.gov,Agender,181.71.244.61,99221
413,Colver,Drinkwater,cdrinkwaterbg@blog.com,Agender,145.34.50.146,47
414,Joannes,Paradis,jparadisbh@bing.com,Male,185.36.160.35,0
415,Christabel,Halahan,chalahanbi@multiply.com,Bigender,199.98.67.22,05381
416,Lorna,Urwen,lurwenbj@mlb.com,Male,179.95.241.19,37402
417,Lynea,Aspenlon,laspenlonbk@domainmarket.com,Male,224.66.154.100,297
418,Suzette,Dreye,sdreyebl@odnoklassniki.ru,Female,210.19.185.208,47943
419,Willi,Pottery,wpotterybm@gov.uk,Genderqueer,107.166.107.227,4671
420,Beverley,Bundock,bbundockbn@skype.com,Bigender,71.165.147.230,31
421,Neely,Janusz,njanuszbo@jalbum.net,Female,154.208.198.16,701
422,Donovan,Pattullo,dpattullobp@businessweek.com,Male,150.234.83.52,63
423,Nils,Wisniowski,nwisniowskibq@dagondesign.com,Male,117.113.218.172,5825
424,Farrell,Eastway,feastwaybr@csmonitor.com,Non-binary,45.200.28.225,17820
425,Chan,Vondrasek,cvondrasekbs@dmoz.org,Agender,107.65.161.176,678
426,Collin,Irving,cirvingbt@trellian.com,Genderqueer,123.83.85.86,9
427,Bone,Massard,bmassardbu@purevolume.com,Male,189.90.197.72,563
428,Rica,Ridout,rridoutbv@ask.com,Genderfluid,19.47.212.127,6449
429,Wilbur,Baldacco,wbaldaccobw@europa.eu,Genderfluid,178.223.106.150,53
430,Lezley,Sarsfield,lsarsfieldbx@patch.com,Genderqueer,206.188.137.143,03340
431,Savina,Dziwisz,sdziwiszby@nature.com,Genderfluid,26.174.112.26,40674
432,Ruperto,Hew,rhewbz@slideshare.net,Male,201.182.102.29,35
433,Arlen,Gateley,agateleyc0@guardian.co.uk,Genderfluid,232.248.20.143,32
434,Octavius,Escalero,oescaleroc1@ask.com,Agender,229.229.73.249,6
435,Rudie,Bullcock,rbullcockc2@techcrunch.com,Bigender,3.162.156.101,943
436,Ana,Ughi,aughic3@ustream.tv,Male,43.63.183.200,27
437,Kory,Donaldson,kdonaldsonc4@github.com,Female,21.166.254.5,72
438,Angel,Sineath,asineathc5@yandex.ru,Polygender,242.230.142.237,98
439,Bern,Queenborough,bqueenboroughc6@cam.ac.uk,Genderfluid,26.13.204.248,41475
440,Carola,Eyden,ceydenc7@vimeo.com,Non-binary,73.252.172.14,2804
441,Latrena,Schrir,lschrirc8@biglobe.ne.jp,Bigender,106.211.210.144,2
442,Rowe,Carnegy,rcarnegyc9@jalbum.net,Genderfluid,2.107.135.84,107
443,Thatcher,Henryson,thenrysonca@bbb.org,Agender,28.178.81.253,617
444,Obidiah,Nollet,onolletcb@fema.gov,Genderfluid,219.47.70.184,00535
445,Sheryl,Kilty,skiltycc@furl.net,Polygender,122.19.83.110,35
446,Nollie,Precious,npreciouscd@tinypic.com,Agender,225.126.91.223,07684
447,Sadie,Kolinsky,skolinskyce@chicagotribune.com,Genderqueer,240.248.43.134,4137
448,Kevyn,Seakin,kseakincf@chronoengine.com,Polygender,124.22.149.7,5619
449,Belinda,Trapp,btrappcg@icq.com,Agender,226.11.92.185,72
450,Anallese,Shippey,ashippeych@house.gov,Male,208.156.151.172,67740
451,Hildagarde,Wellstood,hwellstoodci@java.com,Polygender,249.167.69.7,79
452,Leone,Gale,lgalecj@hc360.com,Genderfluid,42.191.55.16,6413
453,Donny,Crowdson,dcrowdsonck@friendfeed.com,Genderqueer,247.29.49.204,858
454,Donia,Vedekhov,dvedekhovcl@chicagotribune.com,Female,229.138.178.217,993
455,Noelle,Dartnall,ndartnallcm@seattletimes.com,Polygender,215.43.112.41,8495
456,Nessie,Lathan,nlathancn@fotki.com,Genderqueer,254.161.138.121,751
457,Hilarius,Sale,hsaleco@skype.com,Male,101.130.106.125,33
458,Valerie,Rosenauer,vrosenauercp@ucoz.ru,Genderfluid,197.138.48.229,1
459,Lazare,Whether,lwhethercq@whitehouse.gov,Male,101.9.39.57,4282
460,Annemarie,Loynes,aloynescr@simplemachines.org,Female,52.221.151.224,56505
461,Robbie,Lynnitt,rlynnittcs@reverbnation.com,Agender,76.147.54.6,8909
462,Ashien,Tumielli,atumiellict@theatlantic.com,Bigender,20.207.36.3,4318
463,Willy,Tippings,wtippingscu@spiegel.de,Polygender,41.231.50.219,3
464,Howey,Rohfsen,hrohfsencv@cbsnews.com,Genderfluid,252.135.187.55,4
465,Claudelle,Collimore,ccollimorecw@huffingtonpost.com,Female,68.186.248.145,42763
466,Shelly,Cutbirth,scutbirthcx@phpbb.com,Genderqueer,103.134.100.165,22868
467,Gill,Faulkes,gfaulkescy@cdc.gov,Male,119.73.249.44,799
468,Philipa,Harron,pharroncz@angelfire.com,Genderfluid,158.41.33.52,03004
469,Briano,Kingswell,bkingswelld0@mapy.cz,Bigender,122.222.49.173,16
470,Ynez,Gulvin,ygulvind1@businessweek.com,Genderfluid,147.73.195.148,8748
471,Ediva,Szymonwicz,eszymonwiczd2@google.it,Agender,155.190.202.94,566
472,Tome,Foucar,tfoucard3@google.co.jp,Bigender,1.91.216.128,42142
473,Ely,Whybray,ewhybrayd4@google.cn,Agender,207.244.165.35,8
474,Rriocard,Garron,rgarrond5@infoseek.co.jp,Agender,229.14.101.238,12715
475,Emmanuel,Jerschke,ejerschked6@aboutads.info,Bigender,190.98.134.197,22
476,Imogene,McArd,imcardd7@topsy.com,Bigender,250.185.194.148,4
477,Rhodia,Duddan,rduddand8@imgur.com,Polygender,113.197.169.179,0634
478,Demetra,Emmerson,demmersond9@illinois.edu,Male,115.234.169.72,9
479,Joy,Winship,jwinshipda@epa.gov,Bigender,29.213.157.221,98
480,Allen,Gilbeart,agilbeartdb@netlog.com,Agender,6.45.159.80,92301
481,Dwayne,Birkwood,dbirkwooddc@stanford.edu,Non-binary,235.202.132.11,8
482,Janel,Apark,japarkdd@goo.ne.jp,Agender,4.5.211.130,4
483,Dara,Twinberrow,dtwinberrowde@europa.eu,Male,91.3.211.143,56658
484,Percy,Schustl,pschustldf@edublogs.org,Genderfluid,243.36.249.123,933
485,Link,Franciottoi,lfranciottoidg@tmall.com,Polygender,88.171.17.174,8
486,Jordanna,Helder,jhelderdh@over-blog.com,Genderfluid,148.218.214.95,67
487,Allx,Gligori,agligoridi@goo.gl,Male,244.118.232.153,65670
488,Sharline,Townley,stownleydj@purevolume.com,Polygender,199.28.201.52,1110
489,Maurise,Kempson,mkempsondk@usgs.gov,Non-binary,137.246.146.187,432
490,Rochester,Joincey,rjoinceydl@cbsnews.com,Non-binary,118.45.207.189,43
491,Vania,Maystone,vmaystonedm@joomla.org,Polygender,146.59.142.165,1612
492,Tamera,Ortas,tortasdn@theglobeandmail.com,Genderfluid,253.33.251.233,21216
493,Adrea,Popham,apophamdo@domainmarket.com,Female,21.189.49.203,741
494,Jacobo,Robinette,jrobinettedp@histats.com,Bigender,2.120.222.207,1
495,Durante,Tooher,dtooherdq@statcounter.com,Female,245.80.156.73,8452
496,Fowler,Soda,fsodadr@dailymotion.com,Genderfluid,253.226.105.130,722
497,Philipa,Louch,plouchds@elegantthemes.com,Genderqueer,130.113.245.49,37
498,Ingemar,Kirkam,ikirkamdt@archive.org,Male,125.32.197.240,398
499,Alix,MacConnell,amacconnelldu@vimeo.com,Non-binary,190.190.173.201,23
500,Bartie,Dicky,bdickydv@bizjournals.com,Bigender,9.74.143.195,8
501,Stewart,Bonifacio,sbonifaciodw@oracle.com,Non-binary,39.21.187.79,1
502,Helen,Youle,hyouledx@independent.co.uk,Bigender,47.251.101.252,5641
503,Delaney,Bendixen,dbendixendy@nytimes.com,Agender,107.52.241.36,54
504,Amandy,Coffelt,acoffeltdz@narod.ru,Polygender,225.154.84.109,22859
505,Gwyn,Kevern,gkeverne0@hud.gov,Polygender,150.138.175.30,5
506,Alanson,Humpatch,ahumpatche1@nhs.uk,Agender,57.99.43.107,271
507,Doria,Hurst,dhurste2@tmall.com,Non-binary,11.155.245.23,27
508,Marrilee,Itzkovsky,mitzkovskye3@unc.edu,Genderfluid,216.158.5.194,936
509,Coralyn,Maskrey,cmaskreye4@theguardian.com,Agender,6.174.159.82,57
510,Boris,Stonier,bstoniere5@1und1.de,Genderfluid,4.152.161.15,70860
511,Sandor,Potier,spotiere6@opera.com,Polygender,59.103.214.205,91462
512,Kerr,Raddon,kraddone7@weebly.com,Genderfluid,162.114.239.212,02
513,Leroy,Scadden,lscaddene8@flickr.com,Male,90.19.52.192,323
514,Paige,Rotter,prottere9@de.vu,Male,255.231.26.183,31815
515,Josh,Taplin,jtaplinea@blogtalkradio.com,Agender,51.17.66.49,463
516,Marlee,Huson,mhusoneb@live.com,Male,142.12.86.72,3
517,Emanuele,Dougherty,edoughertyec@ca.gov,Non-binary,38.168.209.233,713
518,Truman,MacDermott,tmacdermotted@delicious.com,Non-binary,245.139.245.183,934
519,Marisa,Semechik,msemechikee@artisteer.com,Genderqueer,204.149.103.111,3
520,Austin,Morrish,amorrishef@flavors.me,Non-binary,93.127.58.151,11434
521,Marigold,Hasling,mhaslingeg@sciencedirect.com,Female,163.238.52.121,41824
522,Gilbertine,Rosevear,groseveareh@sohu.com,Non-binary,81.207.126.3,43881
523,Staffard,Najera,snajeraei@icio.us,Genderqueer,66.40.145.6,623
524,Amery,Lippard,alippardej@washingtonpost.com,Polygender,136.42.219.218,205
525,Carolyn,Couve,ccouveek@admin.ch,Agender,255.12.57.199,79269
526,Nevins,Jankovic,njankovicel@webs.com,Male,61.214.112.90,57
527,Mellie,Buttrey,mbuttreyem@sohu.com,Non-binary,243.118.41.88,44834
528,Anders,Scurrell,ascurrellen@hugedomains.com,Female,18.240.29.0,70
529,Ricki,Planke,rplankeeo@ucsd.edu,Female,220.123.245.117,79735
530,Bell,McGreal,bmcgrealep@dot.gov,Polygender,64.61.243.72,5425
531,Harley,Duer,hduereq@rakuten.co.jp,Bigender,170.212.223.25,8
532,Ceciley,Pavlasek,cpavlaseker@msu.edu,Bigender,26.145.212.173,937
533,Vlad,Syde,vsydees@canalblog.com,Non-binary,157.45.218.155,96
534,Jamesy,Pike,jpikeet@tripod.com,Polygender,199.47.54.112,160
535,Murray,Elegood,melegoodeu@networksolutions.com,Male,241.62.52.176,7613
536,Meryl,Hoston,mhostonev@nba.com,Female,35.28.81.243,5874
537,Mile,Caffin,mcaffinew@webs.com,Genderfluid,103.19.226.228,4
538,Carrissa,Tranmer,ctranmerex@ucsd.edu,Bigender,250.10.109.229,5
539,Stephan,Bottini,sbottiniey@over-blog.com,Polygender,61.131.16.220,18571
540,Chryste,Giraldon,cgiraldonez@engadget.com,Non-binary,40.194.110.150,926
541,Vinni,Goacher,vgoacherf0@msu.edu,Polygender,3.180.6.137,57038
542,Michelina,Killik,mkillikf1@mediafire.com,Bigender,193.234.245.200,82
543,Theodosia,Staziker,tstazikerf2@biglobe.ne.jp,Non-binary,19.200.237.6,28
544,Wilhelmine,Meriel,wmerielf3@sakura.ne.jp,Genderfluid,41.5.104.132,6
545,Zebadiah,Billany,zbillanyf4@vimeo.com,Polygender,138.32.172.156,62825
546,Tiffanie,Fredi,tfredif5@ovh.net,Bigender,254.51.17.42,16
547,Valencia,Summersby,vsummersbyf6@aboutads.info,Male,168.30.22.119,9
548,Lonny,Exall,lexallf7@rambler.ru,Polygender,188.30.98.140,4
549,Tadio,Devitt,tdevittf8@topsy.com,Genderfluid,240.150.146.169,658
550,Ambrosio,Diviney,adivineyf9@google.com,Bigender,168.106.253.229,6
551,Judas,Volonte,jvolontefa@state.tx.us,Agender,171.186.81.10,45050
552,Charmian,Greenstock,cgreenstockfb@rediff.com,Non-binary,102.110.3.207,2
553,Kennedy,Lorden,klordenfc@nasa.gov,Polygender,156.209.32.159,320
554,Sharon,Awton,sawtonfd@cisco.com,Male,24.210.199.98,72
555,Isidro,Manilo,imanilofe@storify.com,Genderqueer,25.124.61.92,85212
556,Benedetto,De Lascy,bdelascyff@bbb.org,Female,29.124.35.97,8982
557,Levi,Whacket,lwhacketfg@google.co.uk,Agender,187.48.35.54,362
558,Preston,Novkovic,pnovkovicfh@bigcartel.com,Genderqueer,128.97.79.253,24239
559,Gavrielle,Gale,ggalefi@mozilla.org,Non-binary,1.244.114.85,2396
560,Vinnie,Fairclough,vfaircloughfj@cloudflare.com,Male,248.183.48.177,01
561,Averill,Kembrey,akembreyfk@google.co.uk,Genderqueer,163.3.251.250,362
562,Katrinka,Teresa,kteresafl@mlb.com,Bigender,230.175.73.72,1
563,Marcelline,Spieck,mspieckfm@wufoo.com,Polygender,161.43.86.222,43
564,Meredith,Balloch,mballochfn@wiley.com,Male,1.62.54.40,3
565,Judie,Ransfield,jransfieldfo@dedecms.com,Agender,148.112.43.102,79494
566,Derrik,Gwatkin,dgwatkinfp@forbes.com,Genderqueer,128.160.3.183,13
567,Nadean,Armes,narmesfq@skype.com,Polygender,110.38.167.191,81
568,Blanche,Camidge,bcamidgefr@irs.gov,Male,91.138.51.163,8119
569,Raychel,Ciccotto,rciccottofs@domainmarket.com,Non-binary,145.240.229.255,76
570,Raymond,Verrall,rverrallft@goodreads.com,Agender,30.188.205.248,8
571,Beltran,Casse,bcassefu@cdc.gov,Polygender,5.11.92.178,9002
572,Cristionna,Goodredge,cgoodredgefv@reuters.com,Polygender,224.183.224.128,6470
573,Granville,Dargue,gdarguefw@msu.edu,Polygender,137.24.20.11,6
574,Kip,Cardenosa,kcardenosafx@freewebs.com,Genderfluid,3.81.159.180,6
575,Jamal,Westberg,jwestbergfy@bloglovin.com,Bigender,48.233.181.58,67966
576,Etti,Kermannes,ekermannesfz@mayoclinic.com,Genderfluid,18.36.130.177,1
577,Forester,MacCrossan,fmaccrossang0@stumbleupon.com,Non-binary,89.14.7.37,25237
578,Sisely,Wooff,swooffg1@privacy.gov.au,Genderqueer,28.164.173.192,16382
579,Ambrosius,Jopson,ajopsong2@wordpress.com,Genderfluid,137.53.236.130,7460
580,Gilburt,Poultney,gpoultneyg3@accuweather.com,Polygender,215.14.192.177,3
581,Tanhya,Monard,tmonardg4@irs.gov,Agender,236.125.158.69,576
582,Gunar,Fellgatt,gfellgattg5@nifty.com,Male,197.9.45.112,8
583,Spense,Rainville,srainvilleg6@si.edu,Genderfluid,169.176.176.104,3732
584,Marysa,Iredale,miredaleg7@miitbeian.gov.cn,Non-binary,90.168.123.164,415
585,Haley,Flahive,hflahiveg8@webeden.co.uk,Polygender,182.165.123.66,12
586,Joann,McKeurtan,jmckeurtang9@usnews.com,Genderqueer,211.146.157.46,06
587,Siobhan,Eckersley,seckersleyga@mashable.com,Bigender,30.242.34.61,53901
588,Eugine,Couch,ecouchgb@wufoo.com,Female,57.68.122.142,08
589,Elsi,Diggons,ediggonsgc@shareasale.com,Female,237.17.147.127,7
590,Karney,Rapinett,krapinettgd@netvibes.com,Bigender,152.26.15.95,4
591,Bradly,Botly,bbotlyge@fotki.com,Male,24.77.8.122,558
592,Lora,Bransom,lbransomgf@skyrock.com,Agender,82.251.92.134,21606
593,Halsey,Jeenes,hjeenesgg@t-online.de,Bigender,6.74.103.207,64
594,Drake,Palser,dpalsergh@wikispaces.com,Genderfluid,215.208.68.183,766
595,Brade,Browncey,bbrownceygi@guardian.co.uk,Polygender,58.212.138.169,81526
596,Waiter,Grumley,wgrumleygj@netscape.com,Agender,118.214.113.4,943
597,Ulric,Ralls,urallsgk@rakuten.co.jp,Non-binary,4.245.40.21,803
598,Kirk,Goulstone,kgoulstonegl@slate.com,Non-binary,238.169.41.70,71
599,Rubia,Paulisch,rpaulischgm@amazon.de,Female,92.96.212.110,1906
600,Delmer,Karolczyk,dkarolczykgn@twitter.com,Genderfluid,199.89.138.7,7314
601,Bernardo,Pinson,bpinsongo@nature.com,Bigender,172.40.119.216,58248
602,Tricia,Measey,tmeaseygp@fc2.com,Genderfluid,88.181.237.191,923
603,Peadar,Witham,pwithamgq@chron.com,Non-binary,101.21.223.123,4
604,Jillie,Blacksell,jblacksellgr@dion.ne.jp,Bigender,160.202.4.88,41254
605,Siffre,Charrisson,scharrissongs@java.com,Genderfluid,32.232.4.34,050
606,Webster,Yeaman,wyeamangt@va.gov,Female,231.142.186.140,85
607,Lara,Jolliss,ljollissgu@fastcompany.com,Agender,236.67.110.34,53
608,Rona,Garn,rgarngv@yahoo.co.jp,Genderqueer,207.113.231.234,8247
609,Cyrill,Leeder,cleedergw@pagesperso-orange.fr,Genderfluid,14.55.231.4,36
610,Corrie,Swanwick,cswanwickgx@cam.ac.uk,Male,212.107.56.36,4
611,Alex,Aisbett,aaisbettgy@ft.com,Female,42.139.145.179,6
612,Kip,Eymer,keymergz@smh.com.au,Non-binary,11.189.2.195,9095
613,Hillier,Houseman,hhousemanh0@msu.edu,Male,195.193.72.148,3
614,Brooke,Plett,bpletth1@wikipedia.org,Genderfluid,22.186.254.74,36772
615,Ulrica,Meneo,umeneoh2@army.mil,Female,104.118.249.67,14829
616,Barnett,Dummigan,bdummiganh3@indiegogo.com,Bigender,15.134.61.237,16
617,Flory,Haimes,fhaimesh4@wiley.com,Agender,60.11.217.175,975
618,Meir,Loomes,mloomesh5@boston.com,Female,150.203.238.142,762
619,Pru,Rizzardo,prizzardoh6@aol.com,Genderqueer,234.125.176.8,7765
620,Pippy,Scally,pscallyh7@un.org,Genderfluid,193.166.229.41,259
621,Bondon,Caskie,bcaskieh8@freewebs.com,Non-binary,147.186.209.124,95
622,Alon,Mattys,amattysh9@bandcamp.com,Non-binary,71.10.95.20,00844
623,Ernaline,Arlett,earlettha@dion.ne.jp,Genderfluid,63.10.87.180,903
624,Lyda,Vandenhoff,lvandenhoffhb@exblog.jp,Bigender,128.147.114.99,47
625,Kenn,Pedrol,kpedrolhc@pen.io,Genderqueer,69.157.180.65,22
626,Elwira,Gallelli,egallellihd@ucoz.ru,Male,35.249.110.226,54629
627,Evey,Stocking,estockinghe@craigslist.org,Agender,95.20.87.157,757
628,Joye,Plaster,jplasterhf@dailymail.co.uk,Polygender,203.157.136.251,198
629,Delmore,Whanstall,dwhanstallhg@about.com,Genderqueer,235.243.92.51,657
630,Jena,Bagnall,jbagnallhh@china.com.cn,Genderfluid,10.212.22.208,63
631,Clayborn,Bulbrook,cbulbrookhi@issuu.com,Bigender,53.45.183.90,20084
632,Mignon,Merwood,mmerwoodhj@thetimes.co.uk,Male,153.129.145.124,7486
633,Lucille,Jans,ljanshk@nifty.com,Bigender,192.68.8.117,7
634,Cordy,De Robertis,cderobertishl@smugmug.com,Genderqueer,245.44.41.152,149
635,Buddy,Pilfold,bpilfoldhm@huffingtonpost.com,Female,184.201.14.161,12
636,Finlay,Mcimmie,fmcimmiehn@pinterest.com,Genderqueer,77.135.13.32,158
637,Leon,Loynton,lloyntonho@upenn.edu,Genderfluid,60.104.196.44,1532
638,Regan,Gabotti,rgabottihp@who.int,Male,204.221.143.148,716
639,Mark,Deport,mdeporthq@yellowpages.com,Bigender,214.229.147.110,6
640,Jodie,Chatelet,jchatelethr@cnet.com,Female,108.139.50.229,3
641,Kasey,Croome,kcroomehs@washington.edu,Non-binary,185.9.36.228,36663
642,Druci,Olivari,dolivariht@vkontakte.ru,Male,255.140.33.186,2
643,Lynne,Sloy,lsloyhu@weebly.com,Male,252.71.34.59,01208
644,Guenevere,Rentoll,grentollhv@nydailynews.com,Female,162.189.121.227,884
645,Theo,Snoddin,tsnoddinhw@google.ru,Polygender,137.102.255.155,6
646,Lucky,Markussen,lmarkussenhx@reverbnation.com,Bigender,113.137.84.39,4369
647,Emmy,Kilgannon,ekilgannonhy@opensource.org,Male,92.43.121.18,1
648,Wilek,Rosenschein,wrosenscheinhz@meetup.com,Agender,123.45.64.243,8711
649,Nappy,Snary,nsnaryi0@google.ca,Bigender,39.146.196.74,01
650,Yelena,Toxell,ytoxelli1@gmpg.org,Polygender,125.163.181.20,1
651,Rori,Hovie,rhoviei2@amazonaws.com,Bigender,187.93.195.224,6534
652,Nessa,Whelband,nwhelbandi3@behance.net,Non-binary,231.151.70.194,382
653,Cthrine,Moyers,cmoyersi4@moonfruit.com,Female,127.200.107.223,2
654,Hamel,Muat,hmuati5@twitter.com,Genderqueer,105.240.210.87,82
655,Christin,Mannion,cmannioni6@oracle.com,Genderfluid,142.251.161.123,246
656,Goran,Waind,gwaindi7@1688.com,Genderqueer,152.229.164.224,86775
657,Gizela,Yeell,gyeelli8@yandex.ru,Genderqueer,240.208.55.246,58638
658,Josee,Bruna,jbrunai9@theguardian.com,Bigender,16.6.63.83,109
659,Howie,McKane,hmckaneia@prlog.org,Genderfluid,254.59.84.47,469
660,Bellina,Hanscomb,bhanscombib@phoca.cz,Genderqueer,124.26.218.111,89997
661,Richy,Hopfner,rhopfneric@hud.gov,Male,254.158.138.30,05
662,Salomone,Enefer,seneferid@soundcloud.com,Bigender,107.128.12.68,13
663,Belita,Innett,binnettie@pagesperso-orange.fr,Genderfluid,31.112.56.83,013
664,Susy,Sterrie,ssterrieif@washingtonpost.com,Polygender,40.97.247.138,7
665,Gussy,Kruschov,gkruschovig@shutterfly.com,Female,1.168.222.179,137
666,Matty,Escale,mescaleih@skyrock.com,Agender,28.200.121.243,63424
667,Valencia,Cazereau,vcazereauii@mediafire.com,Male,18.162.52.136,7193
668,Niel,Roullier,nroullierij@zimbio.com,Genderfluid,215.78.201.222,56337
669,Remus,Ivell,rivellik@nymag.com,Female,194.180.164.103,819
670,Simmonds,Stiles,sstilesil@discovery.com,Non-binary,42.121.31.161,25
671,Rora,Cartner,rcartnerim@bbc.co.uk,Polygender,67.236.198.194,66
672,Magnum,Manser,mmanserin@boston.com,Male,131.199.71.230,88
673,Cassandre,Gorringe,cgorringeio@soup.io,Female,35.75.87.240,06533
674,Genna,Stannas,gstannasip@istockphoto.com,Non-binary,167.191.104.152,82
675,Caritta,Zeplin,czepliniq@usnews.com,Agender,9.6.96.204,5
676,Kory,Oxby,koxbyir@friendfeed.com,Female,224.175.6.118,4
677,Yvette,Willoughby,ywilloughbyis@fastcompany.com,Polygender,170.77.139.222,40
678,Hobey,Ciric,hciricit@noaa.gov,Agender,29.28.182.137,19884
679,Konstanze,Attersoll,kattersolliu@wordpress.org,Bigender,173.63.160.112,60
680,Pebrook,Berriball,pberriballiv@miitbeian.gov.cn,Male,167.49.80.52,78212
681,Wilbur,Latek,wlatekiw@ca.gov,Agender,74.99.47.156,7
682,Job,Dougherty,jdoughertyix@fastcompany.com,Agender,237.145.76.176,011
683,Adele,Mugglestone,amugglestoneiy@w3.org,Genderfluid,219.247.203.12,327
684,Shelton,O'Cosgra,socosgraiz@bloomberg.com,Male,96.164.197.55,94
685,Hamlen,Snape,hsnapej0@independent.co.uk,Female,103.234.25.107,79252
686,Dody,Enderson,dendersonj1@constantcontact.com,Genderfluid,61.195.148.235,7420
687,Lacy,Balden,lbaldenj2@multiply.com,Bigender,148.59.168.7,505
688,Kirsti,Ibbott,kibbottj3@dyndns.org,Bigender,37.21.52.53,0918
689,Carry,Zaple,czaplej4@yahoo.co.jp,Agender,116.61.207.167,81718
690,Garnet,Ruit,gruitj5@theglobeandmail.com,Male,200.120.187.143,528
691,Adrien,Buddles,abuddlesj6@cpanel.net,Female,56.222.62.100,11
692,Gerry,Barneville,gbarnevillej7@cnet.com,Genderfluid,101.150.23.61,3
693,Amie,Horsewood,ahorsewoodj8@berkeley.edu,Non-binary,156.17.236.20,11050
694,Arne,Grundon,agrundonj9@ustream.tv,Polygender,105.227.230.223,2
695,Cari,Sage,csageja@cnet.com,Genderqueer,102.218.14.150,9650
696,Carmelia,Saville,csavillejb@google.nl,Non-binary,134.174.255.255,159
697,Roxie,Sisey,rsiseyjc@phpbb.com,Polygender,86.64.14.150,54539
698,Darbee,Withull,dwithulljd@wikimedia.org,Non-binary,123.181.50.71,808
699,Melody,Sandall,msandallje@paginegialle.it,Female,46.140.224.14,2382
700,Garey,Barthelemy,gbarthelemyjf@cocolog-nifty.com,Bigender,203.104.76.78,4175
701,Inge,Smiths,ismithsjg@sciencedirect.com,Genderfluid,88.154.253.120,05
702,Abagail,Raatz,araatzjh@geocities.jp,Polygender,13.219.251.80,0661
703,Robers,Scott,rscottji@huffingtonpost.com,Agender,53.103.179.223,770
704,Sib,Swadlen,sswadlenjj@toplist.cz,Male,186.106.70.183,7617
705,Natala,Waldie,nwaldiejk@goo.ne.jp,Agender,190.118.194.76,252
706,Jillian,Mulvy,jmulvyjl@reddit.com,Genderfluid,144.250.87.172,6
707,Cob,Inglis,cinglisjm@amazon.de,Polygender,90.222.20.137,09
708,Lynn,Steanyng,lsteanyngjn@vinaora.com,Polygender,176.237.83.160,0193
709,Pooh,Poynter,ppoynterjo@naver.com,Genderqueer,76.230.179.114,168
710,Alexi,Jeffcoat,ajeffcoatjp@flavors.me,Male,248.212.154.115,79186
711,Bondie,Kernermann,bkernermannjq@chronoengine.com,Male,211.18.107.170,85
712,Reggi,Hansod,rhansodjr@arizona.edu,Genderqueer,28.172.127.167,403
713,Jennie,Goodwins,jgoodwinsjs@nationalgeographic.com,Genderqueer,163.166.230.30,43149
714,Rod,Elce,relcejt@answers.com,Male,220.148.237.16,56837
715,Leta,Oakey,loakeyju@reddit.com,Bigender,180.49.115.177,0422
716,Helaine,Cahn,hcahnjv@springer.com,Polygender,6.175.56.5,8
717,Kelli,Sesser,ksesserjw@salon.com,Polygender,41.215.128.148,79598
718,Tam,Cussins,tcussinsjx@yale.edu,Female,41.205.56.182,1
719,Adair,Verrechia,averrechiajy@vkontakte.ru,Non-binary,84.227.10.151,79323
720,Meir,McNeigh,mmcneighjz@wsj.com,Female,213.97.55.127,69
721,Guenevere,Phethean,gphetheank0@mac.com,Non-binary,35.229.194.73,006
722,Lilian,Kohnert,lkohnertk1@dell.com,Agender,225.84.70.240,53134
723,Eadie,Course,ecoursek2@microsoft.com,Genderqueer,208.205.198.239,7839
724,Carmine,Moulson,cmoulsonk3@bloglovin.com,Female,217.83.123.29,924
725,Kimball,Oxby,koxbyk4@free.fr,Genderqueer,105.162.150.252,5150
726,Rubina,Garvagh,rgarvaghk5@statcounter.com,Male,82.244.180.199,52664
727,Trista,Lissemore,tlissemorek6@discuz.net,Bigender,162.175.73.246,407
728,Corabelle,Mattiessen,cmattiessenk7@ezinearticles.com,Polygender,161.217.215.173,2884
729,Kennett,de Cullip,kdecullipk8@i2i.jp,Bigender,96.8.88.152,95815
730,Kalvin,Bransom,kbransomk9@fda.gov,Agender,120.195.114.127,5
731,Graehme,Laughren,glaughrenka@loc.gov,Genderqueer,199.71.216.139,2456
732,Sharon,Pecht,spechtkb@twitpic.com,Bigender,102.18.80.110,1
733,Mark,Craster,mcrasterkc@comcast.net,Bigender,221.116.122.23,95
734,Dian,Gladeche,dgladechekd@histats.com,Polygender,28.233.203.126,4841
735,Marv,Rammell,mrammellke@infoseek.co.jp,Female,48.196.151.191,22
736,Xenia,Cake,xcakekf@domainmarket.com,Female,218.146.208.110,192
737,Meade,Jeal,mjealkg@state.gov,Genderfluid,201.212.90.223,2324
738,Merci,Bernette,mbernettekh@amazon.de,Female,211.217.222.126,84
739,Adele,Vaillant,availlantki@washingtonpost.com,Non-binary,102.55.180.70,5690
740,Jemimah,Gleave,jgleavekj@gmpg.org,Agender,129.34.130.139,3214
741,Garvin,Battisson,gbattissonkk@de.vu,Genderqueer,137.90.225.84,20
742,Simone,Noli,snolikl@163.com,Genderfluid,117.199.171.195,7
743,Isis,Henzer,ihenzerkm@house.gov,Female,221.166.149.245,21
744,Rowland,Foucar,rfoucarkn@guardian.co.uk,Polygender,93.208.182.240,12448
745,Eliza,Paynter,epaynterko@qq.com,Bigender,168.222.188.33,5
746,Ivan,Shiels,ishielskp@ftc.gov,Agender,62.94.214.96,33578
747,Devy,Batsford,dbatsfordkq@jigsy.com,Non-binary,12.157.84.20,2
748,Nelle,Spenceley,nspenceleykr@people.com.cn,Male,93.105.153.97,8
749,Zorina,Bugg,zbuggks@guardian.co.uk,Polygender,243.51.162.54,4098
750,Alden,Wolland,awollandkt@google.pl,Non-binary,8.150.243.17,2
751,Ignazio,Vila,ivilaku@usgs.gov,Non-binary,126.155.199.227,2713
752,Kala,Andre,kandrekv@ucoz.ru,Female,54.179.53.209,4852
753,Eloise,Dallicoat,edallicoatkw@feedburner.com,Agender,51.134.63.172,44
754,Dur,Eastcott,deastcottkx@dedecms.com,Female,55.153.253.0,57
755,Dania,Baume,dbaumeky@hhs.gov,Polygender,79.197.161.249,4
756,Tarra,Blankett,tblankettkz@wikimedia.org,Non-binary,74.198.185.240,2
757,Crichton,Balsillie,cbalsilliel0@hubpages.com,Agender,40.241.164.71,0
758,Sandy,Doumerc,sdoumercl1@ask.com,Genderqueer,176.48.173.185,9
759,Cal,Lawden,clawdenl2@ow.ly,Agender,130.10.91.233,758
760,Dicky,Tomicki,dtomickil3@oakley.com,Male,48.167.120.75,21644
761,Lola,Howles,lhowlesl4@disqus.com,Genderqueer,131.79.17.174,16295
762,Doreen,Chadney,dchadneyl5@dmoz.org,Female,28.247.106.66,06
763,Nellie,M'cowis,nmcowisl6@dedecms.com,Non-binary,26.152.28.130,168
764,Cristobal,Houselee,chouseleel7@microsoft.com,Bigender,113.230.249.1,9
765,Brigg,Pitchers,bpitchersl8@macromedia.com,Male,137.248.214.147,7
766,Harlen,Snooks,hsnooksl9@shop-pro.jp,Bigender,29.67.182.203,6
767,Lane,Waind,lwaindla@dyndns.org,Non-binary,221.196.209.182,9
768,Becki,Blackaby,bblackabylb@abc.net.au,Non-binary,55.13.227.28,2
769,Leonid,O'Doohaine,lodoohainelc@mtv.com,Agender,105.217.63.233,5727
770,Agnesse,Mackelworth,amackelworthld@spiegel.de,Genderqueer,252.49.166.31,40
771,Gayelord,Canete,gcanetele@bandcamp.com,Agender,31.29.208.14,924
772,Ciro,Woodgate,cwoodgatelf@amazon.de,Male,55.233.88.182,13059
773,Jaynell,MacNeill,jmacneilllg@aol.com,Polygender,48.185.173.146,4
774,Chrysa,Peppett,cpeppettlh@sina.com.cn,Genderqueer,205.170.181.47,3988
775,Melisse,Wynn,mwynnli@cbslocal.com,Genderqueer,46.15.103.149,128
776,Ciro,Aleksashin,caleksashinlj@example.com,Genderfluid,188.96.100.152,79854
777,Marcello,Tapp,mtapplk@umn.edu,Agender,244.109.255.68,17735
778,Joachim,Simak,jsimakll@twitpic.com,Genderfluid,55.41.157.4,8765
779,Kendell,Glassup,kglassuplm@123-reg.co.uk,Polygender,92.132.227.101,95204
780,Marguerite,Janse,mjanseln@auda.org.au,Male,99.35.182.253,87
781,Maren,Gautrey,mgautreylo@icq.com,Genderfluid,8.160.7.135,3
782,D'arcy,Lenoir,dlenoirlp@4shared.com,Genderfluid,72.8.250.219,45
783,Lacee,Knowlden,lknowldenlq@newsvine.com,Female,200.9.53.92,13
784,Waylan,Goodship,wgoodshiplr@comsenz.com,Male,176.249.202.60,27194
785,Mal,Brack,mbrackls@mysql.com,Agender,232.38.123.139,42220
786,Glennis,Wickett,gwickettlt@163.com,Genderqueer,104.22.20.38,36
787,Katharina,Romagosa,kromagosalu@is.gd,Polygender,70.197.190.90,21144
788,Paloma,Brims,pbrimslv@umich.edu,Male,150.77.98.136,010
789,Byrle,Rosenbarg,brosenbarglw@ocn.ne.jp,Female,216.85.184.18,269
790,Verney,Grahl,vgrahllx@reuters.com,Male,99.57.73.138,97244
791,Julianne,Dudenie,jdudeniely@nih.gov,Female,180.113.62.245,953
792,Norri,Jeens,njeenslz@sbwire.com,Genderqueer,21.154.249.40,42
793,Madlen,Eliyahu,meliyahum0@blogs.com,Male,153.128.180.182,977
794,Gregory,Meigh,gmeighm1@icq.com,Male,109.202.26.82,0815
795,Kessia,Dowtry,kdowtrym2@edublogs.org,Bigender,53.102.144.138,28
796,Morry,Ginty,mgintym3@mit.edu,Agender,103.237.95.213,114
797,Odille,Cockaday,ocockadaym4@dedecms.com,Genderqueer,166.78.222.219,6323
798,Beret,McCree,bmccreem5@icio.us,Genderqueer,177.168.107.208,740
799,Jocelyne,Normansell,jnormansellm6@jigsy.com,Bigender,131.18.219.30,982
800,Beverley,Sich,bsichm7@buzzfeed.com,Non-binary,51.179.150.158,8
801,Johanna,Terzo,jterzom8@i2i.jp,Non-binary,58.29.192.67,48
802,Jillana,Ibell,jibellm9@unicef.org,Non-binary,153.11.106.225,038
803,Blakeley,Knappe,bknappema@ihg.com,Genderqueer,19.215.231.57,02
804,Dana,Holtom,dholtommb@oaic.gov.au,Male,42.45.251.209,506
805,Petr,Cownden,pcowndenmc@va.gov,Female,135.62.238.159,3448
806,Anderson,Arnald,aarnaldmd@gravatar.com,Agender,36.193.225.20,82
807,Vita,Widger,vwidgerme@booking.com,Agender,125.202.190.4,8
808,Ely,Stoeck,estoeckmf@prnewswire.com,Male,221.177.93.15,02390
809,Sherye,Prinnett,sprinnettmg@reddit.com,Agender,113.105.159.169,65485
810,Eliza,Durn,edurnmh@people.com.cn,Bigender,39.109.36.21,84077
811,Averill,McDonnell,amcdonnellmi@globo.com,Polygender,233.246.72.128,564
812,Obadiah,Riccetti,oriccettimj@deviantart.com,Genderfluid,31.108.0.44,9
813,Jonell,Tapsfield,jtapsfieldmk@opensource.org,Male,190.244.141.138,4825
814,Nancy,Civitillo,ncivitilloml@oaic.gov.au,Genderqueer,224.22.159.205,2679
815,Gabi,Sibbet,gsibbetmm@sciencedaily.com,Male,32.92.90.39,96
816,Gabi,Dresser,gdressermn@ifeng.com,Polygender,123.205.12.131,42115
817,Aretha,Phillipson,aphillipsonmo@abc.net.au,Female,152.76.90.124,7596
818,Cinderella,Rozalski,crozalskimp@ucsd.edu,Female,170.212.250.240,0712
819,Fields,Wawer,fwawermq@usgs.gov,Polygender,103.96.24.175,93
820,Sheila-kathryn,Huntly,shuntlymr@amazon.co.uk,Genderqueer,0.228.199.191,60
821,Kiah,Greenaway,kgreenawayms@geocities.jp,Male,225.149.224.128,3538
822,Luce,Darnell,ldarnellmt@craigslist.org,Male,180.172.134.104,2
823,Tiertza,Stone Fewings,tstonefewingsmu@deliciousdays.com,Genderqueer,138.70.87.245,04
824,Amber,Derle,aderlemv@sogou.com,Bigender,245.233.231.68,01822
825,Sigismund,Agronski,sagronskimw@deliciousdays.com,Agender,9.145.10.233,92858
826,Eba,Emanuel,eemanuelmx@51.la,Female,110.27.214.58,21
827,Willy,Purbrick,wpurbrickmy@scribd.com,Male,42.71.220.181,3
828,Marie-jeanne,Iacomelli,miacomellimz@unicef.org,Polygender,55.156.54.117,6
829,Kermy,Bartel,kbarteln0@smh.com.au,Genderqueer,71.70.78.10,6
830,Astrid,Cavee,acaveen1@ocn.ne.jp,Non-binary,93.95.49.79,61
831,Penny,Lamy,plamyn2@ftc.gov,Genderqueer,209.37.184.29,33
832,Naomi,Lenaghen,nlenaghenn3@goodreads.com,Non-binary,127.36.62.193,6351
833,Alfy,Cometson,acometsonn4@oracle.com,Non-binary,160.125.243.57,433
834,Dene,Arney,darneyn5@businessweek.com,Agender,28.199.165.156,77
835,Lazare,Tweedle,ltweedlen6@huffingtonpost.com,Bigender,8.42.137.197,42158
836,Mannie,Cavnor,mcavnorn7@google.es,Agender,54.133.127.117,51047
837,Arley,Delmonti,adelmontin8@so-net.ne.jp,Genderfluid,214.132.5.240,6135
838,Pete,Stodit,pstoditn9@canalblog.com,Non-binary,166.250.177.189,187
839,Hedi,Fosberry,hfosberryna@hugedomains.com,Polygender,27.40.98.16,00471
840,Ronnie,Berney,rberneynb@seattletimes.com,Agender,216.108.217.238,776
841,Shayla,De Mitris,sdemitrisnc@cnbc.com,Agender,107.1.80.58,22954
842,Malachi,De la Yglesia,mdelayglesiand@latimes.com,Polygender,6.150.98.22,33430
843,Emelia,Corthes,ecorthesne@fotki.com,Non-binary,217.122.252.21,53
844,Cordelia,Olford,colfordnf@ebay.com,Polygender,226.195.199.192,4422
845,Lauri,Scothorn,lscothornng@wikispaces.com,Male,128.84.150.44,33
846,Gena,Braunroth,gbraunrothnh@ifeng.com,Male,235.75.88.75,9988
847,Uta,Radbourne,uradbourneni@free.fr,Bigender,112.185.125.31,866
848,Anderea,Betje,abetjenj@cloudflare.com,Genderfluid,5.168.137.40,07
849,Molly,Fusedale,mfusedalenk@tinypic.com,Male,217.178.124.119,7
850,Lyndsie,Tunnoch,ltunnochnl@springer.com,Male,100.185.190.40,949
851,Jorie,Stoltz,jstoltznm@altervista.org,Bigender,239.125.50.100,56
852,Idette,Ridehalgh,iridehalghnn@harvard.edu,Male,207.7.1.156,5240
853,Berna,Danzelman,bdanzelmanno@earthlink.net,Genderfluid,248.25.188.214,11
854,Drud,Le Barr,dlebarrnp@reuters.com,Genderqueer,200.126.29.47,43812
855,Leda,Ehrat,lehratnq@t-online.de,Male,107.30.182.252,2238
856,Karyl,Oloshin,koloshinnr@wunderground.com,Agender,16.157.165.103,0
857,Aurthur,Liversedge,aliversedgens@redcross.org,Agender,145.2.123.99,35253
858,Sylas,Whitney,swhitneynt@springer.com,Male,195.66.200.165,7393
859,Hew,Brumfitt,hbrumfittnu@github.com,Non-binary,154.30.224.9,12
860,Judith,Leneve,jlenevenv@wikimedia.org,Agender,229.31.213.35,0
861,Rudolfo,Jacobs,rjacobsnw@sitemeter.com,Genderfluid,134.230.169.234,89
862,Rona,Woodstock,rwoodstocknx@parallels.com,Bigender,177.214.191.21,57
863,Danya,Messingham,dmessinghamny@oakley.com,Polygender,161.64.121.101,072
864,Kerri,Hundell,khundellnz@nydailynews.com,Agender,60.67.73.158,6740
865,Ashely,Rabjohns,arabjohnso0@dell.com,Non-binary,58.3.131.77,8
866,Isis,Wilkinson,iwilkinsono1@123-reg.co.uk,Polygender,139.235.15.142,144
867,Corbin,Coughtrey,ccoughtreyo2@aboutads.info,Male,118.67.115.238,39639
868,Tuckie,Toland,ttolando3@europa.eu,Bigender,43.30.254.17,1
869,Hillary,Peppin,hpeppino4@squidoo.com,Bigender,134.177.206.156,1925
870,Sid,Khan,skhano5@tripod.com,Polygender,82.117.136.184,0947
871,Alexio,Ferrar,aferraro6@list-manage.com,Genderfluid,130.175.188.165,3
872,Michael,Abbyss,mabbysso7@google.com.au,Agender,244.174.196.167,5684
873,Barbaraanne,Moncrieffe,bmoncrieffeo8@state.tx.us,Polygender,32.68.125.148,67660
874,Jorrie,Lorent,jlorento9@networkadvertising.org,Non-binary,120.232.3.63,22328
875,Lilla,Matschoss,lmatschossoa@github.com,Bigender,88.134.195.134,04
876,Tatum,Barnham,tbarnhamob@prnewswire.com,Male,47.211.232.247,14
877,Sabina,Paul,spauloc@cocolog-nifty.com,Polygender,154.247.133.198,371
878,Romona,Hankey,rhankeyod@hostgator.com,Agender,143.137.44.91,9
879,Libbie,Huntly,lhuntlyoe@wsj.com,Agender,11.56.122.214,560
880,Ave,Blanche,ablancheof@twitter.com,Female,22.216.232.14,122
881,Viva,Pearcey,vpearceyog@constantcontact.com,Genderqueer,149.235.2.21,56438
882,Antonius,Bayless,abaylessoh@gnu.org,Polygender,223.192.147.129,01
883,Mike,Guildford,mguildfordoi@addtoany.com,Agender,40.100.53.62,0603
884,Delcina,Grasner,dgrasneroj@spiegel.de,Non-binary,254.49.32.222,261
885,Adolf,Teasell,ateasellok@cornell.edu,Male,182.210.23.193,91
886,Ferdinand,Logue,flogueol@dailymotion.com,Genderfluid,161.217.231.40,9
887,Moises,Witchalls,mwitchallsom@state.gov,Male,218.33.118.218,203
888,Grady,Bladen,gbladenon@blogspot.com,Bigender,178.234.59.223,9783
889,Brianne,Moens,bmoensoo@chicagotribune.com,Polygender,64.0.135.129,1
890,Laverne,Mould,lmouldop@theguardian.com,Polygender,206.230.229.157,15
891,Robyn,Graham,rgrahamoq@umn.edu,Bigender,181.202.159.115,20
892,Katerine,Estrella,kestrellaor@123-reg.co.uk,Genderfluid,241.186.3.199,056
893,Clemmie,Rosson,crossonos@home.pl,Genderfluid,100.195.237.178,05417
894,Karyl,Rizziello,krizzielloot@whitehouse.gov,Bigender,179.97.137.83,0494
895,Rowan,Davenhall,rdavenhallou@over-blog.com,Genderfluid,190.136.185.41,458
896,Robinette,Ilett,rilettov@wisc.edu,Genderqueer,24.21.227.181,4
897,Camilla,Nancekivell,cnancekivellow@cdc.gov,Polygender,133.30.154.145,14993
898,Heywood,Nester,hnesterox@loc.gov,Non-binary,9.236.74.220,22000
899,Yuma,Goodhall,ygoodhalloy@admin.ch,Agender,178.56.170.70,3574
900,Andrus,Roughey,arougheyoz@flickr.com,Genderfluid,109.110.30.94,3
901,Cleve,Whale,cwhalep0@marriott.com,Bigender,150.171.3.151,9
902,Florri,Carlucci,fcarluccip1@squarespace.com,Female,194.254.132.67,763
903,Tine,Rainsbury,trainsburyp2@cloudflare.com,Non-binary,162.195.188.1,6241
904,Rabbi,Hemstead,rhemsteadp3@hostgator.com,Agender,9.244.36.18,783
905,Garrott,Linguard,glinguardp4@nymag.com,Genderfluid,205.194.199.31,5
906,Glad,Bottleson,gbottlesonp5@ox.ac.uk,Genderqueer,220.50.47.61,73373
907,Felizio,Biddles,fbiddlesp6@yellowpages.com,Genderqueer,226.200.76.205,930
908,Stacia,Childerley,schilderleyp7@facebook.com,Non-binary,213.77.43.21,1
909,Winna,Reinmar,wreinmarp8@google.com.hk,Agender,248.249.71.206,227
910,Nico,le Keux,nlekeuxp9@phpbb.com,Agender,176.135.23.168,02
911,Christoforo,Eicke,ceickepa@desdev.cn,Male,221.201.165.26,855
912,Maxy,Corsor,mcorsorpb@cbc.ca,Polygender,161.144.103.136,29070
913,Renato,Forty,rfortypc@netvibes.com,Genderqueer,225.233.116.27,8328
914,Elysee,Bromehed,ebromehedpd@zimbio.com,Agender,162.38.179.37,2586
915,Henka,Hayball,hhayballpe@phpbb.com,Genderqueer,182.220.22.183,89
916,Marthena,Romer,mromerpf@apple.com,Genderqueer,186.100.151.115,8409
917,Jacquette,Rumin,jruminpg@reddit.com,Genderfluid,79.211.110.243,270
918,Lindsey,Scotsbrook,lscotsbrookph@nature.com,Polygender,19.157.105.63,2925
919,Sybilla,Elston,selstonpi@ucoz.com,Male,111.177.170.251,237
920,Gerard,Lendrem,glendrempj@google.com.hk,Non-binary,24.151.232.166,31382
921,Edwin,Gurling,egurlingpk@angelfire.com,Polygender,91.124.178.109,52625
922,Jeff,Josifovic,jjosifovicpl@discuz.net,Genderfluid,123.229.192.16,7322
923,Bartolomeo,Gozney,bgozneypm@fotki.com,Genderqueer,21.41.140.152,3633
924,Harrison,Kubyszek,hkubyszekpn@odnoklassniki.ru,Female,48.158.178.53,0255
925,Davita,Busse,dbussepo@upenn.edu,Female,81.21.57.47,77
926,Sidoney,Gibson,sgibsonpp@sohu.com,Polygender,109.77.102.60,32723
927,Desmond,Gretham,dgrethampq@over-blog.com,Polygender,131.15.157.177,0
928,Sigmund,Jain,sjainpr@fda.gov,Agender,81.130.20.234,1
929,Cathe,Scowcroft,cscowcroftps@cbc.ca,Genderqueer,207.26.121.208,13665
930,Cobby,Castree,ccastreept@wordpress.org,Non-binary,118.16.158.109,34693
931,Neron,Crowcroft,ncrowcroftpu@bandcamp.com,Genderfluid,29.168.87.63,85202
932,Hazel,Mushet,hmushetpv@cornell.edu,Genderqueer,160.15.178.32,942
933,Yvon,Siemantel,ysiemantelpw@xinhuanet.com,Bigender,3.243.47.64,94
934,Shep,Pyott,spyottpx@tinyurl.com,Male,61.46.146.147,4943
935,Herc,Sturman,hsturmanpy@loc.gov,Genderqueer,9.28.72.230,2575
936,Bobbee,Smullin,bsmullinpz@slideshare.net,Genderfluid,245.109.20.160,8766
937,Carita,Rizzolo,crizzoloq0@epa.gov,Agender,212.93.36.152,8108
938,Madeleine,Olding,moldingq1@latimes.com,Female,41.100.87.255,93152
939,Edmon,Kleuer,ekleuerq2@example.com,Genderfluid,184.85.81.8,9
940,Jeniece,Broster,jbrosterq3@wix.com,Agender,77.52.19.250,5
941,Nickolas,Francillo,nfrancilloq4@shutterfly.com,Genderqueer,26.157.126.61,38015
942,Christa,Iveans,civeansq5@go.com,Male,160.248.23.192,16
943,Elita,Blinckhorne,eblinckhorneq6@wiley.com,Male,147.137.195.154,73029
944,Sheila-kathryn,Mora,smoraq7@slashdot.org,Agender,206.231.89.151,1
945,Constanta,Camacho,ccamachoq8@sitemeter.com,Male,244.170.215.64,2320
946,Moshe,Biggen,mbiggenq9@netlog.com,Non-binary,44.141.14.44,224
947,Clarey,Gajownik,cgajownikqa@slashdot.org,Genderqueer,163.45.147.33,9846
948,Kyrstin,Mattson,kmattsonqb@tinyurl.com,Male,82.49.121.133,461
949,Roshelle,Olenikov,rolenikovqc@livejournal.com,Female,57.177.41.75,9261
950,Nickolaus,Rate,nrateqd@cornell.edu,Male,249.44.142.225,46
951,Ethyl,Ruffli,eruffliqe@stanford.edu,Male,75.1.247.20,13
952,Carry,MacKean,cmackeanqf@mac.com,Agender,188.187.96.187,4012
953,Coriss,Wyne,cwyneqg@wufoo.com,Agender,229.64.195.220,41729
954,Jeana,Kermit,jkermitqh@skyrock.com,Genderfluid,121.103.169.151,9611
955,Thadeus,Shewring,tshewringqi@bbb.org,Non-binary,207.198.232.172,7178
956,Grata,Dawidowitz,gdawidowitzqj@skype.com,Female,149.184.83.18,1687
957,Ian,Royans,iroyansqk@wired.com,Genderfluid,169.125.178.1,4437
958,Sharline,Erley,serleyql@topsy.com,Agender,243.161.44.161,31040
959,Sholom,Mathevon,smathevonqm@bandcamp.com,Male,77.10.63.60,40
960,Karena,Humfrey,khumfreyqn@admin.ch,Polygender,176.201.191.89,4
961,Jacky,Faccini,jfacciniqo@deliciousdays.com,Female,77.21.142.213,7481
962,Chelsey,Wannan,cwannanqp@g.co,Genderqueer,140.110.222.84,7489
963,Chris,Dilrew,cdilrewqq@homestead.com,Genderfluid,235.26.162.101,082
964,Tomasina,Ashton,tashtonqr@sfgate.com,Bigender,10.210.215.91,962
965,Latia,Burfitt,lburfittqs@apache.org,Genderqueer,169.232.92.69,637
966,Cristobal,Christopher,cchristopherqt@ameblo.jp,Male,71.241.57.202,9
967,Rosabel,Gundry,rgundryqu@squarespace.com,Non-binary,2.37.170.214,911
968,Harp,Affleck,haffleckqv@ovh.net,Genderfluid,88.84.113.104,51607
969,Phedra,Smetoun,psmetounqw@wordpress.com,Female,77.103.69.241,0844
970,Philbert,Wittman,pwittmanqx@china.com.cn,Male,93.94.201.198,8877
971,Mamie,Dillow,mdillowqy@squidoo.com,Genderfluid,78.241.184.226,3345
972,Antonietta,Patching,apatchingqz@about.me,Female,211.52.87.173,5
973,Easter,Flute,efluter0@nps.gov,Polygender,185.167.12.8,795
974,Derek,Vicar,dvicarr1@google.es,Genderqueer,33.220.92.26,89637
975,Ahmed,Rannie,arannier2@liveinternet.ru,Polygender,225.58.25.80,023
976,Aeriell,Farebrother,afarebrotherr3@pen.io,Genderfluid,36.252.199.1,9
977,Ethelin,Danilenko,edanilenkor4@google.nl,Bigender,111.162.180.17,85741
978,Yevette,Allom,yallomr5@time.com,Non-binary,234.77.234.186,169
979,Bronson,Acey,baceyr6@soundcloud.com,Male,127.32.19.7,5977
980,Luther,Ruter,lruterr7@msn.com,Bigender,225.176.35.95,177
981,Christian,Richemond,crichemondr8@sakura.ne.jp,Genderfluid,89.173.37.222,422
982,Marijn,Bertwistle,mbertwistler9@i2i.jp,Genderqueer,106.217.29.190,40908
983,Tonye,Bollen,tbollenra@cnn.com,Genderqueer,56.58.215.166,560
984,Lalo,Cicchelli,lcicchellirb@eventbrite.com,Agender,49.79.241.90,4
985,Bondy,Gourlay,bgourlayrc@cornell.edu,Bigender,229.205.6.143,022
986,Willa,Moughtin,wmoughtinrd@forbes.com,Genderfluid,110.187.35.1,437
987,Dolley,Dunnaway,ddunnawayre@meetup.com,Genderqueer,22.22.189.8,4826
988,Rosanna,Ashburne,rashburnerf@umn.edu,Genderqueer,39.141.249.171,48208
989,Chan,Brockway,cbrockwayrg@marriott.com,Agender,170.152.188.177,6
990,Sargent,Marson,smarsonrh@sphinn.com,Genderqueer,241.108.194.5,12436
991,Everard,Moggan,emogganri@github.com,Genderfluid,203.94.18.105,2593
992,Berrie,Murthwaite,bmurthwaiterj@usa.gov,Genderqueer,103.252.124.151,466
993,Caitlin,Hazle,chazlerk@sbwire.com,Non-binary,239.182.251.33,1628
994,Greer,Norewood,gnorewoodrl@paypal.com,Female,58.96.203.92,3
995,Marge,Awty,mawtyrm@123-reg.co.uk,Female,213.26.145.51,378
996,Willie,Culverhouse,wculverhousern@epa.gov,Agender,97.64.215.156,5
997,Sheppard,Bielfelt,sbielfeltro@chron.com,Polygender,168.87.168.124,0
998,Waylin,Raoul,wraoulrp@google.com,Genderqueer,46.26.130.120,622
999,Anya,Dufore,aduforerq@shutterfly.com,Female,186.57.159.202,5
1000,Andriana,Cluff,acluffrr@vk.com,Male,16.196.210.22,764
